{"train_loss": 3.602664037316572e-05, "_timestamp": 1723562251.4057686, "_runtime": 311.73577761650085, "_step": 2004, "val_loss": 0.001493970863521099, "val RMSE": 0.03688051368166724, "train RMSE": 0.015054988507978668, "epoch found": 62, "best val_loss": 0.0013601722894236445, "best train_loss": 0.00022665267897536978, "_wandb": {"runtime": 311}}