{"train_loss": 3.872541674354579e-05, "_timestamp": 1723554435.3368988, "_runtime": 294.14793491363525, "_step": 2004, "val_loss": 0.001316333538852632, "val RMSE": 0.03493379039723986, "train RMSE": 0.0062742470281164624, "epoch found": 695, "best val loss": 0.0012203697115182877, "best train loss": 3.936617576982826e-05, "_wandb": {"runtime": 293}}