{"train_loss": 4.1253566450905055e-05, "_timestamp": 1723556396.8257484, "_runtime": 470.08443236351013, "_step": 2004, "val_loss": 0.001583005185239017, "val RMSE": 0.03503503532561054, "train RMSE": 0.010065477763426447, "epoch found": 200, "best val loss": 0.0012274537002667785, "best train loss": 0.00010131384260603227, "_wandb": {"runtime": 469}}