{"train_loss": 4.6779639887972735e-05, "_timestamp": 1723567972.9138148, "_runtime": 334.407696723938, "_step": 2004, "val_loss": 0.0013410404790192842, "val RMSE": 0.03436063315886139, "train RMSE": 0.009563951018688076, "epoch found": 251, "best val_loss": 0.001180653111077845, "best train_loss": 9.146915908786468e-05, "_wandb": {"runtime": 333}}