{"train_loss": 7.825031570973806e-05, "_timestamp": 1723567625.3226063, "_runtime": 284.79658031463623, "_step": 2004, "val_loss": 0.0016763544408604503, "val RMSE": 0.034685410893631925, "train RMSE": 0.018788538476165503, "epoch found": 863, "best val_loss": 0.0012030777288600802, "best train_loss": 0.0003530091780703515, "_wandb": {"runtime": 284}}