{"train_loss": 0.00010094280878547579, "_timestamp": 1723553748.8715022, "_runtime": 42.345781087875366, "_step": 204, "val_loss": 0.0019373617833480239, "val RMSE": 0.040411095905579786, "train RMSE": 0.01688502717429182, "epoch found": 48, "val loss": 0.0016330566722899675, "train loss": 0.00028510414267657325, "_wandb": {"runtime": 41}}