{"train_loss": 3.746374750335235e-05, "_timestamp": 1723562612.2900646, "_runtime": 349.0715186595917, "_step": 2004, "val_loss": 0.0015061869053170085, "val RMSE": 0.038747086261598215, "train RMSE": 0.0068821945202312785, "epoch found": 984, "best val_loss": 0.001501336693763733, "best train_loss": 4.736460141430143e-05, "_wandb": {"runtime": 348}}