{"val RMSE": 0.039160505671381074, "_timestamp": 1723553280.5857146, "_runtime": 41.62865447998047, "_step": 4, "train RMSE": 0.015089349788024908, "epoch found": 51, "val loss": 0.0015335452044382691, "train loss": 0.00022768847702536732, "_wandb": {"runtime": 41}}