{"train_loss": 4.005634400527924e-05, "_timestamp": 1723561929.7124424, "_runtime": 294.2214014530182, "_step": 2004, "val_loss": 0.0015365475555881858, "val RMSE": 0.03694928768055547, "train RMSE": 0.0072473422870451675, "epoch found": 863, "best val_loss": 0.0013652498601004481, "best train_loss": 5.2523970225593075e-05, "_wandb": {"runtime": 293}}