{"train_loss": 2.9503582481993362e-05, "_timestamp": 1723555905.0336905, "_runtime": 394.2557203769684, "_step": 2004, "val_loss": 0.0014317093882709742, "val RMSE": 0.03364055707754568, "train RMSE": 0.008417890498314552, "epoch found": 262, "best val loss": 0.001131687080487609, "best train loss": 7.086088044161443e-05, "_wandb": {"runtime": 394}}