{"train_loss": 3.7310077459551394e-05, "_timestamp": 1723561104.696776, "_runtime": 293.87830901145935, "_step": 2004, "val_loss": 0.0014880354283377528, "val RMSE": 0.037772051310918736, "train RMSE": 0.00564549331137035, "epoch found": 971, "best val_loss": 0.0014267278602346778, "best train_loss": 3.187159472872736e-05, "_wandb": {"runtime": 293}}