{"train_loss": 2.5657547666924074e-05, "_timestamp": 1723564817.9325607, "_runtime": 476.7191927433014, "_step": 2004, "val_loss": 0.0015480564907193184, "val RMSE": 0.03625135051332693, "train RMSE": 0.012088892548833254, "epoch found": 125, "best val_loss": 0.0013141604140400887, "best train_loss": 0.00014614132305723615, "_wandb": {"runtime": 476}}