{"train_loss": 3.137347266601864e-05, "_timestamp": 1723554754.286083, "_runtime": 311.94410705566406, "_step": 2004, "val_loss": 0.0017801382346078753, "val RMSE": 0.0403322513680536, "train RMSE": 0.018095634794080485, "epoch found": 53, "best val loss": 0.0016266905004158616, "best train loss": 0.00032745199860073626, "_wandb": {"runtime": 311}}