dfk_flurst,well_type,st_x,st_y
8662/1573/11,injection,680200.454450668,5335792.35376601
