{"val RMSE": 0.0392886470102159, "_timestamp": 1723553004.222476, "_runtime": 43.34555101394653, "_step": 4, "train RMSE": 0.01024452469302834, "epoch found": 90, "val loss": 0.0015435977838933468, "train loss": 0.00010495028618606739, "_wandb": {"runtime": 42}}