{"train_loss": 5.37382311449619e-05, "_timestamp": 1723567328.8715377, "_runtime": 232.3690357208252, "_step": 2004, "val_loss": 0.0013427201192826033, "val RMSE": 0.03395811538014453, "train RMSE": 0.009986559423478732, "epoch found": 766, "best val_loss": 0.0011531536001712084, "best train_loss": 9.973136911867186e-05, "_wandb": {"runtime": 231}}