{"train_loss": 6.775231304345652e-05, "_timestamp": 1723627514.5358703, "_runtime": 70.61863040924072, "_step": 604, "val_loss": 0.0016099055064842105, "learning rate": 0.0001, "val RMSE": 0.03934914056480981, "train RMSE": 0.009155607614776127, "epoch found": 159, "best val_loss": 0.0015483548631891608, "best train_loss": 8.38251507957466e-05, "_wandb": {"runtime": 70}}