dfk_flurst,gwm,kf,fa,dvel,max_demand_pump,buildings_per_plot
8662/1573/11,8.51061949343685,0.003214046088729,6.73755265915895,3.9908791713283E-05,0.044203598996306,1
