{"train_loss": 3.590209053072613e-05, "_timestamp": 1723556882.6567633, "_runtime": 476.8781154155731, "_step": 2004, "val_loss": 0.0013932747533544898, "val RMSE": 0.03555008708673083, "train RMSE": 0.011362792999905984, "epoch found": 470, "best val loss": 0.0012638086918741465, "best train loss": 0.00012911306475871243, "_wandb": {"runtime": 476}}