{"train_loss": 4.338030703365803e-05, "_timestamp": 1723565348.0428994, "_runtime": 521.313333272934, "_step": 2004, "val_loss": 0.0012909610522910953, "val RMSE": 0.03526213383496341, "train RMSE": 0.006187851259439228, "epoch found": 973, "best val_loss": 0.0012434180825948715, "best train_loss": 3.828950320894364e-05, "_wandb": {"runtime": 521}}