{"train_loss": 5.173458703211509e-05, "_timestamp": 1723555112.63303, "_runtime": 347.1165108680725, "_step": 2004, "val_loss": 0.0015840966952964664, "val RMSE": 0.03973340621634267, "train RMSE": 0.006589003005067229, "epoch found": 993, "best val loss": 0.0015787435695528984, "best train loss": 4.341496060078498e-05, "_wandb": {"runtime": 346}}