{"train_loss": 2.961251448141411e-05, "_timestamp": 1723563404.391633, "_runtime": 394.71392607688904, "_step": 2004, "val_loss": 0.0013603735715150833, "val RMSE": 0.03546734758789066, "train RMSE": 0.00734899460477791, "epoch found": 293, "best val_loss": 0.0012579327449202538, "best train_loss": 5.4007721701054834e-05, "_wandb": {"runtime": 394}}