{"train_loss": 4.12288645748049e-05, "_timestamp": 1723562996.9182377, "_runtime": 375.30066657066345, "_step": 2004, "val_loss": 0.0013742920709773898, "val RMSE": 0.035530115725111125, "train RMSE": 0.008245291653962993, "epoch found": 374, "best val_loss": 0.0012623891234397888, "best train_loss": 6.798483445891179e-05, "_wandb": {"runtime": 375}}