{"train_loss": 3.529129389789887e-05, "_timestamp": 1723563850.5995727, "_runtime": 435.3541986942291, "_step": 2004, "val_loss": 0.0015174264553934336, "val RMSE": 0.03735116408930895, "train RMSE": 0.006828215001712904, "epoch found": 761, "best val_loss": 0.0013951094588264823, "best train_loss": 4.662452010961715e-05, "_wandb": {"runtime": 435}}