{"train_loss": 5.454975689644925e-05, "_timestamp": 1723564330.8879213, "_runtime": 472.2905213832855, "_step": 2004, "val_loss": 0.001625566161237657, "val RMSE": 0.03577976017301181, "train RMSE": 0.0067337157259930915, "epoch found": 352, "best val_loss": 0.0012801912380382419, "best train_loss": 4.534292747848667e-05, "_wandb": {"runtime": 472}}